Nombre,Apellido,your-number,your-email,message
Martín Jauma,,123444444,martin.jauma@icloud.com,fdasdfa
Martín Jauma,,123444444,martin.jauma@icloud.com,fdasdfa
Dante,,1243242,correo@correo.com,asdasd
Dante,,1243242,correo@correo.com,asdasd
marita,,21123,martin.jauma@icloud.com,asdfas
Veronica,,333333333,martin.jauma@gmail.com,fasdfasda
Maria Laura Mama de julian,,999999,gana@gmail.com,adafd
lal,,4444444,correo@correo.com,adfasdfa
Martin,Jauma,1231232,correo@corre.com,adada
Martin,Jauma,22222222,martin.jauma@icloud.com,adfada
MARTA,CAMUFFO,,CORREO@CORREO.COM,ASDASAD